date,cases,deaths,uf,time
2020-01-30,0,0,CE,16:00
2020-01-30,0,0,MG,16:00
2020-01-30,0,0,RJ,16:00
2020-01-30,0,0,SP,16:00
2020-01-30,0,0,PR,16:00
2020-01-30,0,0,SC,16:00
2020-01-30,0,0,RS,16:00
2020-01-31,0,0,CE,12:00
2020-01-31,0,0,MG,12:00
2020-01-31,0,0,RJ,12:00
2020-01-31,0,0,SP,12:00
2020-01-31,0,0,PR,12:00
2020-01-31,0,0,SC,12:00
2020-01-31,0,0,RS,12:00
2020-02-01,0,0,CE,12:00
2020-02-01,0,0,MG,12:00
2020-02-01,0,0,RJ,12:00
2020-02-01,0,0,SP,12:00
2020-02-01,0,0,PR,12:00
2020-02-01,0,0,SC,12:00
2020-02-01,0,0,RS,12:00
2020-02-02,0,0,CE,12:00
2020-02-02,0,0,MG,12:00
2020-02-02,0,0,RJ,12:00
2020-02-02,0,0,SP,12:00
2020-02-02,0,0,PR,12:00
2020-02-02,0,0,SC,12:00
2020-02-02,0,0,RS,12:00
2020-02-03,0,0,CE,16:00
2020-02-03,0,0,MG,16:00
2020-02-03,0,0,RJ,16:00
2020-02-03,0,0,SP,16:00
2020-02-03,0,0,PR,16:00
2020-02-03,0,0,SC,16:00
2020-02-03,0,0,RS,16:00
2020-02-04,0,0,CE,15:00
2020-02-04,0,0,MG,15:00
2020-02-04,0,0,RJ,15:00
2020-02-04,0,0,SP,15:00
2020-02-04,0,0,PR,15:00
2020-02-04,0,0,SC,15:00
2020-02-04,0,0,RS,15:00
2020-02-05,0,0,CE,12:00
2020-02-05,0,0,MG,12:00
2020-02-05,0,0,RJ,12:00
2020-02-05,0,0,SP,12:00
2020-02-05,0,0,PR,12:00
2020-02-05,0,0,SC,12:00
2020-02-05,0,0,RS,12:00
2020-02-06,0,0,CE,15:30
2020-02-06,0,0,MG,15:30
2020-02-06,0,0,RJ,15:30
2020-02-06,0,0,SP,15:30
2020-02-06,0,0,PR,15:30
2020-02-06,0,0,SC,15:30
2020-02-06,0,0,RS,15:30
2020-02-07,0,0,CE,15:30
2020-02-07,0,0,MG,15:30
2020-02-07,0,0,RJ,15:30
2020-02-07,0,0,SP,15:30
2020-02-07,0,0,PR,15:30
2020-02-07,0,0,SC,15:30
2020-02-07,0,0,RS,15:30
2020-02-08,0,0,CE,13:30
2020-02-08,0,0,MG,13:30
2020-02-08,0,0,RJ,13:30
2020-02-08,0,0,SP,13:30
2020-02-08,0,0,PR,13:30
2020-02-08,0,0,SC,13:30
2020-02-08,0,0,RS,13:30
2020-02-09,0,0,CE,13:30
2020-02-09,0,0,MG,13:30
2020-02-09,0,0,RJ,13:30
2020-02-09,0,0,SP,13:30
2020-02-09,0,0,PR,13:30
2020-02-09,0,0,SC,13:30
2020-02-09,0,0,RS,13:30
2020-02-10,0,0,CE,15:30
2020-02-10,0,0,MG,15:30
2020-02-10,0,0,RJ,15:30
2020-02-10,0,0,SP,15:30
2020-02-10,0,0,PR,15:30
2020-02-10,0,0,SC,15:30
2020-02-10,0,0,RS,15:30
2020-02-11,0,0,CE,16:00
2020-02-11,0,0,MG,16:00
2020-02-11,0,0,RJ,16:00
2020-02-11,0,0,SP,16:00
2020-02-11,0,0,PR,16:00
2020-02-11,0,0,SC,16:00
2020-02-11,0,0,RS,16:00
2020-02-12,0,0,CE,16:00
2020-02-12,0,0,MG,16:00
2020-02-12,0,0,RJ,16:00
2020-02-12,0,0,SP,16:00
2020-02-12,0,0,PR,16:00
2020-02-12,0,0,SC,16:00
2020-02-12,0,0,RS,16:00
2020-02-13,0,0,CE,16:00
2020-02-13,0,0,MG,16:00
2020-02-13,0,0,RJ,16:00
2020-02-13,0,0,SP,16:00
2020-02-13,0,0,PR,16:00
2020-02-13,0,0,SC,16:00
2020-02-13,0,0,RS,16:00
2020-02-13,0,0,DF,16:00
2020-02-14,0,0,CE,16:00
2020-02-14,0,0,MG,16:00
2020-02-14,0,0,RJ,16:00
2020-02-14,0,0,SP,16:00
2020-02-14,0,0,PR,16:00
2020-02-14,0,0,SC,16:00
2020-02-14,0,0,RS,16:00
2020-02-14,0,0,DF,16:00
2020-02-15,0,0,CE,14:00
2020-02-15,0,0,MG,14:00
2020-02-15,0,0,RJ,14:00
2020-02-15,0,0,SP,14:00
2020-02-15,0,0,PR,14:00
2020-02-15,0,0,SC,14:00
2020-02-15,0,0,RS,14:00
2020-02-15,0,0,DF,14:00
2020-02-16,0,0,CE,12:00
2020-02-16,0,0,MG,12:00
2020-02-16,0,0,RJ,12:00
2020-02-16,0,0,SP,12:00
2020-02-16,0,0,PR,12:00
2020-02-16,0,0,SC,12:00
2020-02-16,0,0,RS,12:00
2020-02-16,0,0,DF,12:00
2020-02-17,0,0,CE,15:50
2020-02-17,0,0,MG,15:50
2020-02-17,0,0,RJ,15:50
2020-02-17,0,0,SP,15:50
2020-02-17,0,0,PR,15:50
2020-02-17,0,0,SC,15:50
2020-02-17,0,0,RS,15:50
2020-02-17,0,0,DF,15:50
2020-02-18,0,0,CE,15:50
2020-02-18,0,0,MG,15:50
2020-02-18,0,0,RJ,15:50
2020-02-18,0,0,SP,15:50
2020-02-18,0,0,PR,15:50
2020-02-18,0,0,SC,15:50
2020-02-18,0,0,RS,15:50
2020-02-18,0,0,DF,15:50
2020-02-19,0,0,CE,15:50
2020-02-19,0,0,MG,15:50
2020-02-19,0,0,RJ,15:50
2020-02-19,0,0,SP,15:50
2020-02-19,0,0,PR,15:50
2020-02-19,0,0,SC,15:50
2020-02-19,0,0,RS,15:50
2020-02-19,0,0,DF,15:50
2020-02-20,0,0,CE,15:50
2020-02-20,0,0,MG,15:50
2020-02-20,0,0,RJ,15:50
2020-02-20,0,0,SP,15:50
2020-02-20,0,0,PR,15:50
2020-02-20,0,0,SC,15:50
2020-02-20,0,0,RS,15:50
2020-02-20,0,0,DF,15:50
2020-02-21,0,0,CE,14:30
2020-02-21,0,0,MG,14:30
2020-02-21,0,0,RJ,14:30
2020-02-21,0,0,SP,14:30
2020-02-21,0,0,PR,14:30
2020-02-21,0,0,SC,14:30
2020-02-21,0,0,RS,14:30
2020-02-21,0,0,DF,14:30
2020-02-22,0,0,CE,13:40
2020-02-22,0,0,MG,13:40
2020-02-22,0,0,RJ,13:40
2020-02-22,0,0,SP,13:40
2020-02-22,0,0,PR,13:40
2020-02-22,0,0,SC,13:40
2020-02-22,0,0,RS,13:40
2020-02-22,0,0,DF,13:40
2020-02-23,0,0,CE,12:30
2020-02-23,0,0,MG,12:30
2020-02-23,0,0,RJ,12:30
2020-02-23,0,0,SP,12:30
2020-02-23,0,0,PR,12:30
2020-02-23,0,0,SC,12:30
2020-02-23,0,0,RS,12:30
2020-02-23,0,0,DF,12:30
2020-02-24,0,0,CE,12:25
2020-02-24,0,0,MG,12:25
2020-02-24,0,0,RJ,12:25
2020-02-24,0,0,SP,12:25
2020-02-24,0,0,PR,12:25
2020-02-24,0,0,SC,12:25
2020-02-24,0,0,RS,12:25
2020-02-24,0,0,DF,12:25
2020-02-25,0,0,CE,13:50
2020-02-25,0,0,MG,13:50
2020-02-25,0,0,RJ,13:50
2020-02-25,0,0,SP,13:50
2020-02-25,0,0,PR,13:50
2020-02-25,0,0,SC,13:50
2020-02-25,0,0,RS,13:50
2020-02-25,0,0,DF,13:50
2020-02-26,0,0,CE,11:30
2020-02-26,0,0,PB,11:30
2020-02-26,0,0,PE,11:30
2020-02-26,0,0,BA,11:30
2020-02-26,0,0,MG,11:30
2020-02-26,0,0,ES,11:30
2020-02-26,0,0,RJ,11:30
2020-02-26,1,0,SP,11:30
2020-02-26,0,0,PR,11:30
2020-02-26,0,0,SC,11:30
2020-02-26,0,0,RS,11:30
2020-02-26,0,0,DF,11:30
2020-02-27,0,0,CE,17:00
2020-02-27,0,0,RN,17:00
2020-02-27,0,0,PB,17:00
2020-02-27,0,0,PE,17:00
2020-02-27,0,0,AL,17:00
2020-02-27,0,0,BA,17:00
2020-02-27,0,0,MG,17:00
2020-02-27,0,0,ES,17:00
2020-02-27,0,0,RJ,17:00
2020-02-27,1,0,SP,17:00
2020-02-27,0,0,PR,17:00
2020-02-27,0,0,SC,17:00
2020-02-27,0,0,RS,17:00
2020-02-27,0,0,MS,17:00
2020-02-27,0,0,GO,17:00
2020-02-27,0,0,DF,17:00
2020-02-28,0,0,CE,16:10
2020-02-28,0,0,RN,16:10
2020-02-28,0,0,PB,16:10
2020-02-28,0,0,PE,16:10
2020-02-28,0,0,AL,16:10
2020-02-28,0,0,BA,16:10
2020-02-28,0,0,MG,16:10
2020-02-28,0,0,ES,16:10
2020-02-28,0,0,RJ,16:10
2020-02-28,1,0,SP,16:10
2020-02-28,0,0,PR,16:10
2020-02-28,0,0,SC,16:10
2020-02-28,0,0,RS,16:10
2020-02-28,0,0,MS,16:10
2020-02-28,0,0,GO,16:10
2020-02-28,0,0,DF,16:10
2020-02-29,0,0,CE,19:05
2020-02-29,0,0,RN,19:05
2020-02-29,0,0,PB,19:05
2020-02-29,0,0,PE,19:05
2020-02-29,0,0,AL,19:05
2020-02-29,0,0,BA,19:05
2020-02-29,0,0,MG,19:05
2020-02-29,0,0,ES,19:05
2020-02-29,0,0,RJ,19:05
2020-02-29,2,0,SP,19:05
2020-02-29,0,0,PR,19:05
2020-02-29,0,0,SC,19:05
2020-02-29,0,0,RS,19:05
2020-02-29,0,0,MS,19:05
2020-02-29,0,0,GO,19:05
2020-02-29,0,0,DF,19:05
2020-03-01,0,0,CE,15:05
2020-03-01,0,0,RN,15:05
2020-03-01,0,0,PB,15:05
2020-03-01,0,0,PE,15:05
2020-03-01,0,0,AL,15:05
2020-03-01,0,0,BA,15:05
2020-03-01,0,0,MG,15:05
2020-03-01,0,0,ES,15:05
2020-03-01,0,0,RJ,15:05
2020-03-01,2,0,SP,15:05
2020-03-01,0,0,PR,15:05
2020-03-01,0,0,SC,15:05
2020-03-01,0,0,RS,15:05
2020-03-01,0,0,MS,15:05
2020-03-01,0,0,GO,15:05
2020-03-01,0,0,DF,15:05
2020-03-02,0,0,RO,16:30
2020-03-02,0,0,AM,16:30
2020-03-02,0,0,PA,16:30
2020-03-02,0,0,MA,16:30
2020-03-02,0,0,PI,16:30
2020-03-02,0,0,CE,16:30
2020-03-02,0,0,RN,16:30
2020-03-02,0,0,PB,16:30
2020-03-02,0,0,PE,16:30
2020-03-02,0,0,AL,16:30
2020-03-02,0,0,SE,16:30
2020-03-02,0,0,BA,16:30
2020-03-02,0,0,MG,16:30
2020-03-02,0,0,ES,16:30
2020-03-02,0,0,RJ,16:30
2020-03-02,2,0,SP,16:30
2020-03-02,0,0,PR,16:30
2020-03-02,0,0,SC,16:30
2020-03-02,0,0,RS,16:30
2020-03-02,0,0,MS,16:30
2020-03-02,0,0,MT,16:30
2020-03-02,0,0,GO,16:30
2020-03-02,0,0,DF,16:30
2020-03-03,0,0,RO,15:50
2020-03-03,0,0,AM,15:50
2020-03-03,0,0,PA,15:50
2020-03-03,0,0,MA,15:50
2020-03-03,0,0,PI,15:50
2020-03-03,0,0,CE,15:50
2020-03-03,0,0,RN,15:50
2020-03-03,0,0,PB,15:50
2020-03-03,0,0,PE,15:50
2020-03-03,0,0,AL,15:50
2020-03-03,0,0,SE,15:50
2020-03-03,0,0,BA,15:50
2020-03-03,0,0,MG,15:50
2020-03-03,0,0,ES,15:50
2020-03-03,0,0,RJ,15:50
2020-03-03,2,0,SP,15:50
2020-03-03,0,0,PR,15:50
2020-03-03,0,0,SC,15:50
2020-03-03,0,0,RS,15:50
2020-03-03,0,0,MS,15:50
2020-03-03,0,0,MT,15:50
2020-03-03,0,0,GO,15:50
2020-03-03,0,0,DF,15:50
2020-03-04,0,0,RO,17:15
2020-03-04,0,0,AM,17:15
2020-03-04,0,0,PA,17:15
2020-03-04,0,0,MA,17:15
2020-03-04,0,0,PI,17:15
2020-03-04,0,0,CE,17:15
2020-03-04,0,0,RN,17:15
2020-03-04,0,0,PB,17:15
2020-03-04,0,0,PE,17:15
2020-03-04,0,0,AL,17:15
2020-03-04,0,0,SE,17:15
2020-03-04,0,0,BA,17:15
2020-03-04,0,0,MG,17:15
2020-03-04,0,0,ES,17:15
2020-03-04,0,0,RJ,17:15
2020-03-04,3,0,SP,17:15
2020-03-04,0,0,PR,17:15
2020-03-04,0,0,SC,17:15
2020-03-04,0,0,RS,17:15
2020-03-04,0,0,MS,17:15
2020-03-04,0,0,MT,17:15
2020-03-04,0,0,GO,17:15
2020-03-04,0,0,DF,17:15
2020-03-05,0,0,RO,16:00
2020-03-05,0,0,AM,16:00
2020-03-05,0,0,PA,16:00
2020-03-05,0,0,MA,16:00
2020-03-05,0,0,PI,16:00
2020-03-05,0,0,CE,16:00
2020-03-05,0,0,RN,16:00
2020-03-05,0,0,PB,16:00
2020-03-05,0,0,PE,16:00
2020-03-05,0,0,AL,16:00
2020-03-05,0,0,SE,16:00
2020-03-05,0,0,BA,16:00
2020-03-05,0,0,MG,16:00
2020-03-05,0,0,ES,16:00
2020-03-05,1,0,RJ,16:00
2020-03-05,6,0,SP,16:00
2020-03-05,0,0,PR,16:00
2020-03-05,0,0,SC,16:00
2020-03-05,0,0,RS,16:00
2020-03-05,0,0,MS,16:00
2020-03-05,0,0,MT,16:00
2020-03-05,0,0,GO,16:00
2020-03-05,0,0,DF,16:00
2020-03-06,0,0,RO,16:00
2020-03-06,0,0,AM,16:00
2020-03-06,0,0,PA,16:00
2020-03-06,0,0,MA,16:00
2020-03-06,0,0,PI,16:00
2020-03-06,0,0,CE,16:00
2020-03-06,0,0,RN,16:00
2020-03-06,0,0,PB,16:00
2020-03-06,0,0,PE,16:00
2020-03-06,0,0,AL,16:00
2020-03-06,0,0,SE,16:00
2020-03-06,1,0,BA,16:00
2020-03-06,0,0,MG,16:00
2020-03-06,1,0,ES,16:00
2020-03-06,1,0,RJ,16:00
2020-03-06,10,0,SP,16:00
2020-03-06,0,0,PR,16:00
2020-03-06,0,0,SC,16:00
2020-03-06,0,0,RS,16:00
2020-03-06,0,0,MS,16:00
2020-03-06,0,0,MT,16:00
2020-03-06,0,0,GO,16:00
2020-03-06,0,0,DF,16:00
2020-03-07,0,0,RO,18:35
2020-03-07,0,0,AM,18:35
2020-03-07,0,0,PA,18:35
2020-03-07,0,0,MA,18:35
2020-03-07,0,0,PI,18:35
2020-03-07,0,0,CE,18:35
2020-03-07,0,0,RN,18:35
2020-03-07,0,0,PB,18:35
2020-03-07,0,0,PE,18:35
2020-03-07,0,0,AL,18:35
2020-03-07,0,0,SE,18:35
2020-03-07,2,0,BA,18:35
2020-03-07,0,0,MG,18:35
2020-03-07,1,0,ES,18:35
2020-03-07,2,0,RJ,18:35
2020-03-07,13,0,SP,18:35
2020-03-07,0,0,PR,18:35
2020-03-07,0,0,SC,18:35
2020-03-07,0,0,RS,18:35
2020-03-07,0,0,MS,18:35
2020-03-07,0,0,MT,18:35
2020-03-07,0,0,GO,18:35
2020-03-07,1,0,DF,18:35
2020-03-08,0,0,RO,17:30
2020-03-08,0,0,AM,17:30
2020-03-08,0,0,PA,17:30
2020-03-08,0,0,MA,17:30
2020-03-08,0,0,PI,17:30
2020-03-08,0,0,CE,17:30
2020-03-08,0,0,RN,17:30
2020-03-08,0,0,PB,17:30
2020-03-08,0,0,PE,17:30
2020-03-08,1,0,AL,17:30
2020-03-08,0,0,SE,17:30
2020-03-08,2,0,BA,17:30
2020-03-08,1,0,MG,17:30
2020-03-08,1,0,ES,17:30
2020-03-08,3,0,RJ,17:30
2020-03-08,16,0,SP,17:30
2020-03-08,0,0,PR,17:30
2020-03-08,0,0,SC,17:30
2020-03-08,0,0,RS,17:30
2020-03-08,0,0,MS,17:30
2020-03-08,0,0,MT,17:30
2020-03-08,0,0,GO,17:30
2020-03-08,1,0,DF,17:30
2020-03-10,0,0,RO,16:05
2020-03-10,0,0,AC,16:05
2020-03-10,0,0,AM,16:05
2020-03-10,0,0,PA,16:05
2020-03-10,0,0,MA,16:05
2020-03-10,0,0,PI,16:05
2020-03-10,0,0,CE,16:05
2020-03-10,0,0,RN,16:05
2020-03-10,0,0,PB,16:05
2020-03-10,0,0,PE,16:05
2020-03-10,1,0,AL,16:05
2020-03-10,0,0,SE,16:05
2020-03-10,2,0,BA,16:05
2020-03-10,1,0,MG,16:05
2020-03-10,1,0,ES,16:05
2020-03-10,8,0,RJ,16:05
2020-03-10,19,0,SP,16:05
2020-03-10,0,0,PR,16:05
2020-03-10,0,0,SC,16:05
2020-03-10,1,0,RS,16:05
2020-03-10,0,0,MS,16:05
2020-03-10,0,0,MT,16:05
2020-03-10,0,0,GO,16:05
2020-03-10,1,0,DF,16:05
2020-03-11,0,0,RO,16:45
2020-03-11,0,0,AC,16:45
2020-03-11,0,0,AM,16:45
2020-03-11,0,0,PA,16:45
2020-03-11,0,0,MA,16:45
2020-03-11,0,0,PI,16:45
2020-03-11,0,0,CE,16:45
2020-03-11,0,0,RN,16:45
2020-03-11,0,0,PB,16:45
2020-03-11,0,0,PE,16:45
2020-03-11,1,0,AL,16:45
2020-03-11,0,0,SE,16:45
2020-03-11,2,0,BA,16:45
2020-03-11,1,0,MG,16:45
2020-03-11,1,0,ES,16:45
2020-03-11,13,0,RJ,16:45
2020-03-11,30,0,SP,16:45
2020-03-11,0,0,PR,16:45
2020-03-11,0,0,SC,16:45
2020-03-11,2,0,RS,16:45
2020-03-11,0,0,MS,16:45
2020-03-11,0,0,MT,16:45
2020-03-11,0,0,GO,16:45
2020-03-11,2,0,DF,16:45
2020-03-12,0,0,RO,16:20
2020-03-12,0,0,AC,16:20
2020-03-12,0,0,AM,16:20
2020-03-12,0,0,PA,16:20
2020-03-12,0,0,MA,16:20
2020-03-12,0,0,PI,16:20
2020-03-12,0,0,CE,16:20
2020-03-12,0,0,RN,16:20
2020-03-12,0,0,PB,16:20
2020-03-12,2,0,PE,16:20
2020-03-12,1,0,AL,16:20
2020-03-12,0,0,SE,16:20
2020-03-12,2,0,BA,16:20
2020-03-12,1,0,MG,16:20
2020-03-12,1,0,ES,16:20
2020-03-12,16,0,RJ,16:20
2020-03-12,42,0,SP,16:20
2020-03-12,6,0,PR,16:20
2020-03-12,0,0,SC,16:20
2020-03-12,4,0,RS,16:20
2020-03-12,0,0,MS,16:20
2020-03-12,0,0,MT,16:20
2020-03-12,0,0,GO,16:20
2020-03-12,2,0,DF,16:20
2020-03-13,0,0,RO,15:45
2020-03-13,0,0,AC,15:45
2020-03-13,0,0,AM,15:45
2020-03-13,0,0,PA,15:45
2020-03-13,0,0,TO,15:45
2020-03-13,0,0,MA,15:45
2020-03-13,0,0,PI,15:45
2020-03-13,0,0,CE,15:45
2020-03-13,1,0,RN,15:45
2020-03-13,0,0,PB,15:45
2020-03-13,2,0,PE,15:45
2020-03-13,1,0,AL,15:45
2020-03-13,0,0,SE,15:45
2020-03-13,2,0,BA,15:45
2020-03-13,2,0,MG,15:45
2020-03-13,1,0,ES,15:45
2020-03-13,16,0,RJ,15:45
2020-03-13,56,0,SP,15:45
2020-03-13,6,0,PR,15:45
2020-03-13,2,0,SC,15:45
2020-03-13,4,0,RS,15:45
2020-03-13,0,0,MS,15:45
2020-03-13,0,0,MT,15:45
2020-03-13,3,0,GO,15:45
2020-03-13,2,0,DF,15:45
2020-03-14,0,0,RO,16:25
2020-03-14,0,0,AC,16:25
2020-03-14,0,0,AM,16:25
2020-03-14,0,0,PA,16:25
2020-03-14,0,0,TO,16:25
2020-03-14,0,0,MA,16:25
2020-03-14,0,0,PI,16:25
2020-03-14,0,0,CE,16:25
2020-03-14,1,0,RN,16:25
2020-03-14,0,0,PB,16:25
2020-03-14,2,0,PE,16:25
2020-03-14,1,0,AL,16:25
2020-03-14,0,0,SE,16:25
2020-03-14,2,0,BA,16:25
2020-03-14,2,0,MG,16:25
2020-03-14,1,0,ES,16:25
2020-03-14,22,0,RJ,16:25
2020-03-14,65,0,SP,16:25
2020-03-14,6,0,PR,16:25
2020-03-14,4,0,SC,16:25
2020-03-14,6,0,RS,16:25
2020-03-14,0,0,MS,16:25
2020-03-14,0,0,MT,16:25
2020-03-14,3,0,GO,16:25
2020-03-14,6,0,DF,16:25
2020-03-15,0,0,RO,19:15
2020-03-15,0,0,AC,19:15
2020-03-15,1,0,AM,19:15
2020-03-15,0,0,RR,19:15
2020-03-15,0,0,PA,19:15
2020-03-15,0,0,AP,19:15
2020-03-15,0,0,TO,19:15
2020-03-15,0,0,MA,19:15
2020-03-15,0,0,PI,19:15
2020-03-15,0,0,CE,19:15
2020-03-15,1,0,RN,19:15
2020-03-15,0,0,PB,19:15
2020-03-15,2,0,PE,19:15
2020-03-15,1,0,AL,19:15
2020-03-15,1,0,SE,19:15
2020-03-15,2,0,BA,19:15
2020-03-15,2,0,MG,19:15
2020-03-15,1,0,ES,19:15
2020-03-15,24,0,RJ,19:15
2020-03-15,136,0,SP,19:15
2020-03-15,6,0,PR,19:15
2020-03-15,6,0,SC,19:15
2020-03-15,6,0,RS,19:15
2020-03-15,0,0,MS,19:15
2020-03-15,0,0,MT,19:15
2020-03-15,3,0,GO,19:15
2020-03-15,8,0,DF,19:15
2020-03-16,0,0,RO,15:50
2020-03-16,0,0,AC,15:50
2020-03-16,1,0,AM,15:50
2020-03-16,0,0,RR,15:50
2020-03-16,0,0,PA,15:50
2020-03-16,0,0,AP,15:50
2020-03-16,0,0,TO,15:50
2020-03-16,0,0,MA,15:50
2020-03-16,0,0,PI,15:50
2020-03-16,0,0,CE,15:50
2020-03-16,1,0,RN,15:50
2020-03-16,0,0,PB,15:50
2020-03-16,2,0,PE,15:50
2020-03-16,1,0,AL,15:50
2020-03-16,1,0,SE,15:50
2020-03-16,2,0,BA,15:50
2020-03-16,5,0,MG,15:50
2020-03-16,1,0,ES,15:50
2020-03-16,31,0,RJ,15:50
2020-03-16,152,0,SP,15:50
2020-03-16,6,0,PR,15:50
2020-03-16,7,0,SC,15:50
2020-03-16,6,0,RS,15:50
2020-03-16,2,0,MS,15:50
2020-03-16,0,0,MT,15:50
2020-03-16,3,0,GO,15:50
2020-03-16,13,0,DF,15:50
2020-03-17,0,0,RO,18:10
2020-03-17,0,0,AC,18:10
2020-03-17,1,0,AM,18:10
2020-03-17,0,0,RR,18:10
2020-03-17,0,0,PA,18:10
2020-03-17,0,0,AP,18:10
2020-03-17,0,0,TO,18:10
2020-03-17,0,0,MA,18:10
2020-03-17,0,0,PI,18:10
2020-03-17,5,0,CE,18:10
2020-03-17,1,0,RN,18:10
2020-03-17,0,0,PB,18:10
2020-03-17,16,0,PE,18:10
2020-03-17,1,0,AL,18:10
2020-03-17,4,0,SE,18:10
2020-03-17,3,0,BA,18:10
2020-03-17,7,0,MG,18:10
2020-03-17,1,0,ES,18:10
2020-03-17,33,0,RJ,18:10
2020-03-17,164,1,SP,18:10
2020-03-17,6,0,PR,18:10
2020-03-17,7,0,SC,18:10
2020-03-17,10,0,RS,18:10
2020-03-17,4,0,MS,18:10
2020-03-17,0,0,MT,18:10
2020-03-17,6,0,GO,18:10
2020-03-17,22,0,DF,18:10
2020-03-18,0,0,RO,20:00
2020-03-18,0,0,AC,20:00
2020-03-18,1,0,AM,20:00
2020-03-18,0,0,RR,20:00
2020-03-18,0,0,PA,20:00
2020-03-18,0,0,AP,20:00
2020-03-18,0,0,TO,20:00
2020-03-18,0,0,MA,20:00
2020-03-18,0,0,PI,20:00
2020-03-18,9,0,CE,20:00
2020-03-18,1,0,RN,20:00
2020-03-18,0,0,PB,20:00
2020-03-18,16,0,PE,20:00
2020-03-18,1,0,AL,20:00
2020-03-18,5,0,SE,20:00
2020-03-18,3,0,BA,20:00
2020-03-18,15,0,MG,20:00
2020-03-18,9,0,ES,20:00
2020-03-18,45,0,RJ,20:00
2020-03-18,240,4,SP,20:00
2020-03-18,13,0,PR,20:00
2020-03-18,10,0,SC,20:00
2020-03-18,19,0,RS,20:00
2020-03-18,7,0,MS,20:00
2020-03-18,0,0,MT,20:00
2020-03-18,8,0,GO,20:00
2020-03-18,26,0,DF,20:00
2020-03-19,0,0,RO,
2020-03-19,3,0,AC,
2020-03-19,3,0,AM,
2020-03-19,0,0,RR,
2020-03-19,1,0,PA,
2020-03-19,0,0,AP,
2020-03-19,1,0,TO,
2020-03-19,0,0,MA,
2020-03-19,0,0,PI,
2020-03-19,20,0,CE,
2020-03-19,1,0,RN,
2020-03-19,1,0,PB,
2020-03-19,28,0,PE,
2020-03-19,4,0,AL,
2020-03-19,6,0,SE,
2020-03-19,30,0,BA,
2020-03-19,29,0,MG,
2020-03-19,11,0,ES,
2020-03-19,65,2,RJ,
2020-03-19,286,4,SP,
2020-03-19,23,0,PR,
2020-03-19,20,0,SC,
2020-03-19,28,0,RS,
2020-03-19,7,0,MS,
2020-03-19,0,0,MT,
2020-03-19,12,0,GO,
2020-03-19,42,0,DF,
2020-03-20,1,0,RO,
2020-03-20,7,0,AC,
2020-03-20,3,0,AM,
2020-03-20,0,0,RR,
2020-03-20,2,0,PA,
2020-03-20,1,0,AP,
2020-03-20,1,0,TO,
2020-03-20,0,0,MA,
2020-03-20,3,0,PI,
2020-03-20,55,0,CE,
2020-03-20,1,0,RN,
2020-03-20,1,0,PB,
2020-03-20,30,0,PE,
2020-03-20,5,0,AL,
2020-03-20,6,0,SE,
2020-03-20,33,0,BA,
2020-03-20,35,0,MG,
2020-03-20,13,0,ES,
2020-03-20,109,2,RJ,
2020-03-20,396,9,SP,
2020-03-20,32,0,PR,
2020-03-20,21,0,SC,
2020-03-20,37,0,RS,
2020-03-20,9,0,MS,
2020-03-20,1,0,MT,
2020-03-20,15,0,GO,
2020-03-20,87,0,DF,
2020-03-21,1,0,RO,
2020-03-21,9,0,AC,
2020-03-21,11,0,AM,
2020-03-21,0,0,RR,
2020-03-21,2,0,PA,
2020-03-21,1,0,AP,
2020-03-21,2,0,TO,
2020-03-21,1,0,MA,
2020-03-21,4,0,PI,
2020-03-21,68,0,CE,
2020-03-21,6,0,RN,
2020-03-21,1,0,PB,
2020-03-21,30,0,PE,
2020-03-21,7,0,AL,
2020-03-21,10,0,SE,
2020-03-21,41,0,BA,
2020-03-21,38,0,MG,
2020-03-21,26,0,ES,
2020-03-21,119,3,RJ,
2020-03-21,459,15,SP,
2020-03-21,43,0,PR,
2020-03-21,51,0,SC,
2020-03-21,60,0,RS,
2020-03-21,16,0,MS,
2020-03-21,2,0,MT,
2020-03-21,20,0,GO,
2020-03-21,100,0,DF,
2020-03-22,3,0,RO,
2020-03-22,11,0,AC,
2020-03-22,26,0,AM,
2020-03-22,2,0,RR,
2020-03-22,4,0,PA,
2020-03-22,1,0,AP,
2020-03-22,2,0,TO,
2020-03-22,2,0,MA,
2020-03-22,4,0,PI,
2020-03-22,112,0,CE,
2020-03-22,9,0,RN,
2020-03-22,1,0,PB,
2020-03-22,37,0,PE,
2020-03-22,7,0,AL,
2020-03-22,10,0,SE,
2020-03-22,49,0,BA,
2020-03-22,83,0,MG,
2020-03-22,26,0,ES,
2020-03-22,186,3,RJ,
2020-03-22,631,22,SP,
2020-03-22,50,0,PR,
2020-03-22,57,0,SC,
2020-03-22,72,0,RS,
2020-03-22,21,0,MS,
2020-03-22,2,0,MT,
2020-03-22,21,0,GO,
2020-03-22,117,0,DF,
2020-03-23,3,0,RO,
2020-03-23,11,0,AC,
2020-03-23,32,0,AM,
2020-03-23,2,0,RR,
2020-03-23,5,0,PA,
2020-03-23,1,0,AP,
2020-03-23,5,0,TO,
2020-03-23,2,0,MA,
2020-03-23,6,0,PI,
2020-03-23,163,0,CE,
2020-03-23,13,0,RN,
2020-03-23,2,0,PB,
2020-03-23,42,0,PE,
2020-03-23,7,0,AL,
2020-03-23,10,0,SE,
2020-03-23,63,0,BA,
2020-03-23,128,0,MG,
2020-03-23,29,0,ES,
2020-03-23,233,4,RJ,
2020-03-23,745,30,SP,
2020-03-23,56,0,PR,
2020-03-23,68,0,SC,
2020-03-23,86,0,RS,
2020-03-23,21,0,MS,
2020-03-23,2,0,MT,
2020-03-23,23,0,GO,
2020-03-23,133,0,DF,
2020-03-24,3,0,RO,
2020-03-24,17,0,AC,
2020-03-24,47,0,AM,
2020-03-24,2,0,RR,
2020-03-24,5,0,PA,
2020-03-24,1,0,AP,
2020-03-24,7,0,TO,
2020-03-24,8,0,MA,
2020-03-24,6,0,PI,
2020-03-24,182,0,CE,
2020-03-24,13,0,RN,
2020-03-24,3,0,PB,
2020-03-24,42,0,PE,
2020-03-24,7,0,AL,
2020-03-24,15,0,SE,
2020-03-24,76,0,BA,
2020-03-24,130,0,MG,
2020-03-24,33,0,ES,
2020-03-24,305,6,RJ,
2020-03-24,810,40,SP,
2020-03-24,65,0,PR,
2020-03-24,107,0,SC,
2020-03-24,98,0,RS,
2020-03-24,23,0,MS,
2020-03-24,7,0,MT,
2020-03-24,27,0,GO,
2020-03-24,160,0,DF,
2020-03-25,5,0,RO,
2020-03-25,23,0,AC,
2020-03-25,54,1,AM,
2020-03-25,8,0,RR,
2020-03-25,7,0,PA,
2020-03-25,1,0,AP,
2020-03-25,7,0,TO,
2020-03-25,8,0,MA,
2020-03-25,8,0,PI,
2020-03-25,200,0,CE,
2020-03-25,14,0,RN,
2020-03-25,3,0,PB,
2020-03-25,46,1,PE,
2020-03-25,11,0,AL,
2020-03-25,16,0,SE,
2020-03-25,84,0,BA,
2020-03-25,133,0,MG,
2020-03-25,39,0,ES,
2020-03-25,370,6,RJ,
2020-03-25,862,48,SP,
2020-03-25,81,0,PR,
2020-03-25,109,0,SC,
2020-03-25,123,1,RS,
2020-03-25,24,0,MS,
2020-03-25,8,0,MT,
2020-03-25,29,0,GO,
2020-03-25,160,0,DF,
2020-03-26,24,0,AC,
2020-03-26,67,1,AM,
2020-03-26,2,0,AP,
2020-03-26,13,0,PA,
2020-03-26,5,0,RO,
2020-03-26,8,0,RR,
2020-03-26,7,0,TO,
2020-03-26,11,0,AL,
2020-03-26,104,0,BA,
2020-03-26,235,3,CE,
2020-03-26,10,0,MA,
2020-03-26,5,0,PB,
2020-03-26,48,3,PE,
2020-03-26,9,0,PI,
2020-03-26,19,0,RN,
2020-03-26,16,0,SE,
2020-03-26,39,0,ES,
2020-03-26,153,0,MG,
2020-03-26,421,9,RJ,
2020-03-26,1052,58,SP,
2020-03-26,200,0,DF,
2020-03-26,39,1,GO,
2020-03-26,25,0,MS,
2020-03-26,11,0,MT,
2020-03-26,102,0,PR,
2020-03-26,122,1,SC,
2020-03-26,168,1,RS,
2020-03-27,25,0,AC,
2020-03-27,81,1,AM,
2020-03-27,2,0,AP,
2020-03-27,13,0,PA,
2020-03-27,6,0,RO,
2020-03-27,10,0,RR,
2020-03-27,8,0,TO,
2020-03-27,11,0,AL,
2020-03-27,115,0,BA,
2020-03-27,282,3,CE,
2020-03-27,13,0,MA,
2020-03-27,9,0,PB,
2020-03-27,56,4,PE,
2020-03-27,9,0,PI,
2020-03-27,28,0,RN,
2020-03-27,16,0,SE,
2020-03-27,47,0,ES,
2020-03-27,189,0,MG,
2020-03-27,493,10,RJ,
2020-03-27,1223,68,SP,
2020-03-27,230,0,DF,
2020-03-27,49,1,GO,
2020-03-27,28,0,MS,
2020-03-27,11,0,MT,
2020-03-27,119,2,PR,
2020-03-27,149,1,SC,
2020-03-27,195,2,RS,
2020-03-28,25,0,AC,
2020-03-28,111,1,AM,
2020-03-28,4,0,AP,
2020-03-28,17,0,PA,
2020-03-28,6,0,RO,
2020-03-28,12,0,RR,
2020-03-28,9,0,TO,
2020-03-28,14,0,AL,
2020-03-28,128,0,BA,
2020-03-28,314,4,CE,
2020-03-28,14,0,MA,
2020-03-28,14,0,PB,
2020-03-28,68,5,PE,
2020-03-28,11,1,PI,
2020-03-28,45,0,RN,
2020-03-28,16,0,SE,
2020-03-28,53,0,ES,
2020-03-28,205,0,MG,
2020-03-28,558,13,RJ,
2020-03-28,1406,84,SP,
2020-03-28,260,0,DF,
2020-03-28,56,1,GO,
2020-03-28,31,0,MS,
2020-03-28,13,0,MT,
2020-03-28,133,2,PR,
2020-03-28,184,1,SC,
2020-03-28,197,2,RS,
2020-03-29,34,0,AC,
2020-03-29,140,1,AM,
2020-03-29,4,0,AP,
2020-03-29,18,0,PA,
2020-03-29,6,0,RO,
2020-03-29,16,0,RR,
2020-03-29,9,0,TO,
2020-03-29,17,0,AL,
2020-03-29,154,1,BA,
2020-03-29,348,5,CE,
2020-03-29,16,0,MA,
2020-03-29,14,0,PB,
2020-03-29,73,5,PE,
2020-03-29,14,1,PI,
2020-03-29,68,1,RN,
2020-03-29,16,0,SE,
2020-03-29,60,0,ES,
2020-03-29,231,0,MG,
2020-03-29,600,17,RJ,
2020-03-29,1451,98,SP,
2020-03-29,289,1,DF,
2020-03-29,58,1,GO,
2020-03-29,36,0,MS,
2020-03-29,16,0,MT,
2020-03-29,148,2,PR,
2020-03-29,194,1,SC,
2020-03-29,226,2,RS,
2020-03-30,42,0,AC,19:42
2020-03-30,17,0,AL,19:43
2020-03-30,8,0,AP,19:44
2020-03-30,151,1,AM,19:43
2020-03-30,176,1,BA,19:44
2020-03-30,372,5,CE,19:46
2020-03-30,312,1,DF,19:45
2020-03-30,72,0,ES,19:45
2020-03-30,61,1,GO,19:46
2020-03-30,23,1,MA,19:45
2020-03-30,18,0,MT,19:47
2020-03-30,44,0,MS,19:50
2020-03-30,261,1,MG,19:47
2020-03-30,155,3,PR,19:49
2020-03-30,15,0,PB,19:51
2020-03-30,21,0,PA,19:47
2020-03-30,78,6,PE,19:48
2020-03-30,16,3,PI,19:49
2020-03-30,77,1,RN,19:48
2020-03-30,241,3,RS,19:48
2020-03-30,657,18,RJ,19:49
2020-03-30,6,0,RO,19:50
2020-03-30,16,0,RR,19:51
2020-03-30,197,1,SC,19:52
2020-03-30,16,0,SE,19:50
2020-03-30,1517,113,SP,19:51
2020-03-30,10,0,TO,19:52
